FEATTYPE,NAME,x,y,geometry
POINT,Test,-78.55624,35.94278,POINT (-78.55624 35.94278)
POINT,Beaufort,-76.66392,34.71880,POINT (-76.66392 34.71880)
